 | Invariant Language (Invariant Country) | Invariant Language (Invariant Country) | Invariant Language (Invariant Country)
af-ZA | Afrikaans (South Africa) | Afrikaans (South Africa) | Afrikaans (Suid-Afrika)
ar-SA | Arabic (Saudi Arabia) | Arabic (Saudi Arabia) | العربية (المملكة العربية السعودية)
as-IN | Assamese (India) | Assamese (India) | অসমীয়া (ভাৰত)
az-Latn-AZ | Azerbaijani (Latin, Azerbaijan) | Azerbaijani (Latin, Azerbaijan) | azərbaycan (Azərbaycan)
be-BY | Belarusian (Belarus) | Belarusian (Belarus) | Беларуская (Беларусь)
bg-BG | Bulgarian (Bulgaria) | Bulgarian (Bulgaria) | български (България)
bn-IN | Bangla (India) | Bangla (India) | বাংলা (ভারত)
bo-CN | Tibetan (PRC) | Tibetan (China) | བོད་ཡིག (ཀྲུང་ཧྭ་མི་དམངས་སྤྱི་མཐུན་རྒྱལ་ཁབ།)
br-FR | Breton (France) | Breton (France) | brezhoneg (Frañs)
bs-Latn-BA | Bosnian (Latin, Bosnia and Herzegovina) | Bosnian (Latin, Bosnia and Herzegovina) | bosanski (Bosna i Hercegovina)
ca-ES | Catalan (Catalan) | Catalan (Catalan) | català (català)
co-FR | Corsican (France) | Corsican (France) | Corsu (Francia)
cs-CZ | Czech (Czech Republic) | Czech (Czechia) | čeština (Česko)
da-DK | Danish (Denmark) | Danish (Denmark) | dansk (Danmark)
de-DE | German (Germany) | German (Germany) | Deutsch (Deutschland)
el-GR | Greek (Greece) | Greek (Greece) | Ελληνικά (Ελλάδα)
en-GB | English (United Kingdom) | English (United Kingdom) | English (United Kingdom)
en-US | English (United States) | English (United States) | English (United States)
es-ES | Spanish (Spain) | Spanish (Spain, International Sort) | español (España, alfabetización internacional)
et-EE | Estonian (Estonia) | Estonian (Estonia) | eesti (Eesti)
eu-ES | Basque (Basque) | Basque (Basque) | euskara (euskara)
fa-IR | Persian (Iran) | Persian (Iran) | فارسی (ایران)
fi-FI | Finnish (Finland) | Finnish (Finland) | suomi (Suomi)
fr-FR | French (France) | French (France) | français (France)
ga-IE | Irish (Ireland) | Irish (Ireland) | Gaeilge (Éire)
gl-ES | Galician (Galician) | Galician (Galician) | galego (galego)
gu-IN | Gujarati (India) | Gujarati (India) | ગુજરાતી (ભારત)
ha-Latn-NG | Hausa (Latin, Nigeria) | Hausa (Latin, Nigeria) | Hausa (Najeriya)
he-IL | Hebrew (Israel) | Hebrew (Israel) | עברית (ישראל)
hi-IN | Hindi (India) | Hindi (India) | हिन्दी (भारत)
hr-HR | Croatian (Croatia) | Croatian (Croatia) | hrvatski (Hrvatska)
hu-HU | Hungarian (Hungary) | Hungarian (Hungary) | magyar (Magyarország)
hy-AM | Armenian (Armenia) | Armenian (Armenia) | Հայերեն (Հայաստան)
id-ID | Indonesian (Indonesia) | Indonesian (Indonesia) | Indonesia (Indonesia)
ig-NG | Igbo (Nigeria) | Igbo (Nigeria) | Igbo (Naịjịrịa)
is-IS | Icelandic (Iceland) | Icelandic (Iceland) | íslenska (Ísland)
it-IT | Italian (Italy) | Italian (Italy) | italiano (Italia)
ja-JP | Japanese (Japan) | Japanese (Japan) | 日本語 (日本)
ka-GE | Georgian (Georgia) | Georgian (Georgia) | ქართული (საქართველო)
km-KH | Khmer (Cambodia) | Khmer (Cambodia) | ភាសាខ្មែរ (កម្ពុជា)
kn-IN | Kannada (India) | Kannada (India) | ಕನ್ನಡ (ಭಾರತ)
ko-KR | Korean (Korea) | Korean (Korea) | 한국어(대한민국)
ky-KG | Kyrgyz (Kyrgyzstan) | Kyrgyz (Kyrgyzstan) | Кыргыз (Кыргызстан)
lt-LT | Lithuanian (Lithuania) | Lithuanian (Lithuania) | lietuvių (Lietuva)
lv-LV | Latvian (Latvia) | Latvian (Latvia) | latviešu (Latvija)
mi-NZ | Maori (New Zealand) | Maori (New Zealand) | Reo Māori (Aotearoa)
mk-MK | Macedonian (Former Yugoslav Republic of Macedonia) | Macedonian (Macedonia, FYRO) | македонски (Република Македонија)
ml-IN | Malayalam (India) | Malayalam (India) | മലയാളം (ഇന്ത്യ)
mn-MN | Mongolian (Cyrillic, Mongolia) | Mongolian (Mongolia) | монгол (Монгол)
mr-IN | Marathi (India) | Marathi (India) | मराठी (भारत)
ms-MY | Malay (Malaysia) | Malay (Malaysia) | Melayu (Malaysia)
mt-MT | Maltese (Malta) | Maltese (Malta) | Malti (Malta)
nb-NO | Norwegian, Bokmål (Norway) | Norwegian Bokmål (Norway) | norsk bokmål (Norge)
nl-NL | Dutch (Netherlands) | Dutch (Netherlands) | Nederlands (Nederland)
nso-ZA | Sesotho sa Leboa (South Africa) | Sesotho sa Leboa (South Africa) | Sesotho sa Leboa (Afrika Borwa)
oc-FR | Occitan (France) | Occitan (France) | Occitan (França)
pa-IN | Punjabi (India) | Punjabi (India) | ਪੰਜਾਬੀ (ਭਾਰਤ)
pl-PL | Polish (Poland) | Polish (Poland) | polski (Polska)
ps-AF | Pashto (Afghanistan) | Pashto (Afghanistan) | پښتو (افغانستان)
pt-BR | Portuguese (Brazil) | Portuguese (Brazil) | português (Brasil)
pt-PT | Portuguese (Portugal) | Portuguese (Portugal) | português (Portugal)
quz-PE | Quechua (Peru) | Quechua (Peru) | Runasimi (Perú)
ro-RO | Romanian (Romania) | Romanian (Romania) | română (România)
ru-RU | Russian (Russia) | Russian (Russia) | русский (Россия)
sk-SK | Slovak (Slovakia) | Slovak (Slovakia) | slovenčina (Slovensko)
sl-SI | Slovenian (Slovenia) | Slovenian (Slovenia) | slovenščina (Slovenija)
sq-AL | Albanian (Albania) | Albanian (Albania) | shqip (Shqipëri)
sr-Cyrl-CS | Serbian (Cyrillic, Serbia and Montenegro (Former)) | Serbian (Cyrillic, Serbia and Montenegro (Former)) | српски (Србија и Црна Гора (Бивша))
sr-Latn-CS | Serbian (Latin, Serbia and Montenegro (Former)) | Serbian (Latin, Serbia and Montenegro (Former)) | srpski (Srbija i Crna Gora (Bivša))
sv-SE | Swedish (Sweden) | Swedish (Sweden) | svenska (Sverige)
sw-KE | Kiswahili (Kenya) | Kiswahili (Kenya) | Kiswahili (Kenya)
ta-IN | Tamil (India) | Tamil (India) | தமிழ் (இந்தியா)
te-IN | Telugu (India) | Telugu (India) | తెలుగు (భారత దేశం)
th-TH | Thai (Thailand) | Thai (Thailand) | ไทย (ไทย)
tn-ZA | Setswana (South Africa) | Setswana (South Africa) | Setswana (Aforika Borwa)
tr-TR | Turkish (Turkey) | Turkish (Turkey) | Türkçe (Türkiye)
uk-UA | Ukrainian (Ukraine) | Ukrainian (Ukraine) | українська (Україна)
ur-PK | Urdu (Islamic Republic of Pakistan) | Urdu (Pakistan) | اُردو (پاکستان)
uz-Latn-UZ | Uzbek (Latin, Uzbekistan) | Uzbek (Latin, Uzbekistan) | o‘zbek (Oʻzbekiston)
vi-VN | Vietnamese (Vietnam) | Vietnamese (Vietnam) | Tiếng Việt (Việt Nam)
xh-ZA | isiXhosa (South Africa) | isiXhosa (South Africa) | isiXhosa (eMzantsi Afrika)
yo-NG | Yoruba (Nigeria) | Yoruba (Nigeria) | Èdè Yorùbá (Orílẹ́ède Nàìjíríà)
zh-CN | Chinese (Simplified, PRC) | Chinese (Simplified, China) | 中文(中国)
zh-HK | Chinese (Traditional, Hong Kong S.A.R.) | Chinese (Traditional, Hong Kong SAR) | 中文(香港特別行政區)
zh-MO | Chinese (Traditional, Macao S.A.R.) | Chinese (Traditional, Macao SAR) | 中文(澳門特別行政區)
zh-SG | Chinese (Simplified, Singapore) | Chinese (Simplified, Singapore) | 中文(新加坡)
zh-TW | Chinese (Traditional, Taiwan) | Chinese (Traditional, Taiwan) | 中文(台灣)
zu-ZA | isiZulu (South Africa) | isiZulu (South Africa) | isiZulu (iNingizimu Afrika)
